<?xml version="1.0" encoding="UTF-8"?>

<!-- name space는 BookRepo의 fully qualified name으로 설정한다. -->
<!DOCTYPE mapper PUBLIC "-//mybatis.org//DTD Mapper 3.0//EN"
	"http://mybatis.org/dtd/mybatis-3-mapper.dtd">
	
	
	<mapper namespace="com.ssafy.board.model.dao.MemberDao">

		<insert id ="insert" parameterType="member">
			insert into member values( #{username}, #{password}, #{email}, #{name}, #{nickname}, #{roletype} )
		</insert>
		<select id="selectAll" parameterType="member" resultMap="baseMember">
			select * from member
		</select>
		
		<select id="selectById" parameterType="String" resultMap="baseMember">
			select * from member where username=#{username}
		</select>
		
		<resultMap type="member" id="baseMember">
			<result column="username" property="username"/>
			<result column="password" property="password"/>
			<result column="email" property="email" />
			<result column="name" property="name"/>
			<result column="nickname" property="nickname"/>
			<result column="roletype" property="roletype"/>
		</resultMap>
	</mapper>